,0
0,щеткаутюжок ручка миди
1,соланум
2,кампануть махровый двухцветный
3,вешалка напольный складной светлый степанов
4,сушилка белье напольный ника белый
5,гладильный доска сити
6,петуния махровый рассада однолетний цветок горшок
7,коврик ванный комната милена коричневый
8,сидение ванна раздвижной белый ника
9,корзина
10,рассада зелень кухня розмарин блю лагуна
11,лобелия регатт микс
12,томат помидор бычий сердце
13,стремянка ступенчатый алюминиевый
14,миксер сероголубой насадка скоростной режим турбореживать
15,пеларгония розебудный укоренять черенок
16,рассада зелень кухня душица обыкновенный хуторянка
17,тарелка обеденный кашимый пурпл
18,вешалка блузка зеленый
19,рассада тыква дачный горшок
20,искусственный цветок букет примула пластиковый лиловый
21,змееголовник молдавский горыныч кассета штука среднеспелый
22,набор бокал император франция
23,махровый полотенце дакка хлопок
24,томат помидор аргентинский сливка индетерминантный среднеспелый красный
25,муляж виноград черный полиуретан
26,сушилка белье потолочный лиана люкс ллп
27,роза мини желтый
28,чехол одежда большой светлобежевый валиант
29,нож кухонный мясо пластмассовый ручка русский линия нхм метиз
30,алиссум рассада однолетний цветок кассета
31,сциндапсус ассортимент укоренять черенок
32,базилик пурпурный звезда
33,рассада зелень кухня петрушка универсал кассета
34,чехол гладильный доска
35,томат помидор перцевидный полосатый детерминантный среднеспелый красный
36,роза садовый чайногибридный горшок папилон
37,сушилка белье настенный ника белый
38,искусственный цветок ветка петуния пластиковый лиловый
39,цикламен розовый белый
40,томат помидор абрикосовый брендивайн индетерминантный среднеспелый оранжевый
41,рассада огурец есаул кассета
42,таз пластмассовый круглый водолей
43,калатея микс
44,рассада томат помидор эфемер детерминантный раннеспелый красный
45,герань домашний пеларгония зональный цвести красный махровый
46,сумкатележка хозяйственный голубой
47,чайник эмалированный свисток пластиковый ручка туттифрутти
48,рассада арбуз астраханский горшок
49,баклажан самурай крым
50,коробка хранение молния синтетический волокно зеленый
51,салатник кутюр
52,штора ванный душа текстильный цветок голубой
53,рассада зелень кухня мята кассета
54,сушилка белье напольный хромировать сталь
55,тюльпан лувр бахромчатый
56,пеларгония розоцветный ред розебуд молодой растение
57,томат помидор оранжевый русский индетерминантный среднеспелый оранжевый
58,чехол гладильный доска термостатический ассортимент
59,роза садовый чайногибридный горшок эдванс
60,штора ванный комната полиэстер красный
61,флокс метельчатый гжель диаметр горшок
62,петуния фиолетовый прожилка
63,лаванда торх
64,чехол гладильный доска хлопок поролон доска
65,юкка нитчатый
66,салатник эмпилабль
67,алоэ вера
68,петуния каскад смесь махровый
69,петуния розовый прожилка
70,цветок искусственный ландыш пластик
71,штора ванная спирелла текстиль гидрофобный пропитка серочерный
72,штора ванный комната пвх ракушка бежевый
73,стиральный биопорошок концентрированный белый белье россия
74,аргирантерум рассада однолетний цветок горшок
75,огурец боярский пчелоопыляемый кассета штука раннеспелый
76,нож универсальный
77,осина обыкновенный высота
78,тортница
79,веник сорго деревянный ручка шов
80,вешалка блузка красный
81,сумкатележка хозяйственный бирюзовый
82,бидон пластмассовый
83,кипарисовик лавсон элвуди ртк горшок нидерланды
84,стеллаж обувь венг
85,сушилка белье напольный ника сбпс
86,бегония ампельный
87,синнингия глоксиния фиолетовый
88,настурция орхидный пламень
89,перчатка латексный размер
90,гладильный доска ника лина
91,коврик придверный персия бордо
92,петля рояльный оксид
93,рассада томат помидор любимец подмосковье кассета
94,термокружок забава ркм вишня
95,капуста белокочанный июньский кассета штука раннеспелый
96,вкладыш хранение посуда
97,дендробиум санки анна грин ствол
98,муляж желудь
99,рассада зелень кухня базилик шалун кассета
100,рассада зелень кухня тимьян вульгарис компактус
101,рассада зелень кухня тимьян сильвер кинг
102,штора ванная бежевый
103,гвоздик травянка белокрасный
104,томат детерминантный сердолик кассета штука раннеспелый
105,карниз ванный комната виолета раздвижной кольцо голубой
106,корзина белье виолета вязь крышка лиловый
107,пеларгония зональный малиновый розовый простой
108,литопс микс
109,муляж яблоко красный
110,лен небесный лазурь голубой
111,аптение
112,солидаго желтый
113,набор кухонный полотенце хлопок мелис
114,кружка тачка франция
115,штора ванный комната пвх водоросль
116,отжим ведро синий
117,мята махито укоренять черенок
118,мусорный контейнер белый
119,фал капроновый бухта
120,короб стеллажный крышка большой
121,этажерка обувь узкий полк медный ника
122,кружка шэйдс блэк
123,гладильный доска ника белль классик
124,пена ванна хвойный пихта россия
125,калла крупноцветковый малиновый
126,дендробиум фиолетовый россия штука упаковка
127,муляж красный яблоко мини полиуретан
128,вешалка настенный ника крючок медный антик
129,гладильный доска ника
130,контейнер свч полимербыт премиум
131,насадка швабра пластик микрофибра
132,сушилка белье потолочнонастенный
133,тарелка суповой стоунмания капучино
134,коробка перфорировать крышка белый
135,средство удаление известковый налет поверхность сантехнический прибор антикальций россия
136,скребок клипса тряпка пластик
137,салатник эмпилабль велад
138,муляж виноград зеленый полиуретан
139,гипоаллергенный концентрированный гель стирка белье деликатный ткань корея
140,петля приварной гаражный шарик
141,томат помидор легенда тарасенко индетерминантный среднеспелый красный
142,гладильный доска ника верона чехол мужчина роза двм
143,стремянка ступень белый
144,муляж яблоко оранжевый полиуретан
145,зверобой продырявливать оптимист
146,пеларгония зональный лососевый махровый
147,гладильный доска ника эльза люкс
148,патиссон диск раннеспелый
149,простыня вафельный хлопок
150,кувшин пластмассовый крышка кумган
151,капуста декоративный смесь
152,тимьян
153,стремянка металлический ступень ника
154,роза садовый парковый горшок эден роуз
155,гладильный доска тефлон золотой
156,кондиционер белье свежесть океан флакон корея
157,гортензия микс кашпо автополив
158,коврик придверный пиано
159,нефролепис бостон
160,вешалка блузка черный
161,рассада томат помидор золотой руно кассета
162,петуния розовый прожилка
163,рассада томат помидор баскью блю детерминантный среднеспелый синий
164,томат детерминантный медовый кассета штука среднеспелый
165,рассада томат помидор ола полк детерминантный раннеспелый оранжевый
166,вантуз черный пластиковый ручка малый маг
167,крючок проволочный медь
168,весы напольный электронный
169,петля рояльный цинк
170,роза садовый спрей горшок солнечный девочка
171,бузульник пржевальский кленолистный желтый
172,весы напольный механический
173,жестяной банка новый паста микс
174,примула комнатный акаулис синий
175,чехол одежда розовый принт
176,декабрист горшок белый
177,новогодний дерево ель сербский
178,чайный набор карин ромашка оаэ
179,фиалка малиновый простой
180,капуста цветной гарантия кассета штука скороспелый
181,миска пластмассовый круглый пластхозторг
182,блюдо серия конья диаметр
183,корзина белье виолета ротанг угловой крышка бежевый
184,гладильный доска ника эльзаюниор эль
185,альбук спиралиса фризлсизлый
186,тарелка десертный син сильвер
187,штора ванная спирелла текстиль гидрофобный пропитка шампань
188,рассада зелень кухня сантолина хамаекипарисус
189,мешок деликатный стирка
190,томат помидор спать леди детерминантный среднеспелый черный
191,ящик хранение прозрачный
192,рассада капуста белокачать поздний колобок кассета
193,корыто оцинковывать бесшовный
194,штора ванный комната текстильный
195,штора ванный спирелла синий полиэтилен
196,петрушка итальянский гигант
197,рассада пеларгония герань зональный блу айза смесь
198,коврик придверный хлопковый мультиколор
199,ложка столовая сталь
200,фоторамка фотография бронзовый
201,ведро ягода полимербыт
202,томат помидор большой полосатый кабан индетерминантный среднеспелый красный
203,штора ванный кольцо мыльный пузырь
204,пеларгония тюльпановидный
205,камнеломка тенистый вариегат розовый
206,полотенце махровый гармония хлопок
207,сумкатележка хозяйственный красный
208,пеларгония грандифлора махровый микс
209,гладильный доска ника николь
210,муляж тыква
211,сидение ванна пластмассовый
212,коврик ванна розовый
213,одеяло пуховый белый белый пух
214,пеларгония топпер день учитель подарочный упаковка
215,штора ванный комната полиэстер белый горох
216,тарелка суповой ирис
217,декоративный коробка пластиковый
218,бакоп ампельный махровый фиолетовый махровый
219,базилик смесь зеленый фиолетовый
220,циния рассада однолетний цветок кассета
221,цикламен цвет ассортимент
222,гербера
223,лоток холодец эмалировать пластмассовый крышка рисунок скп стэм
224,холодный сварка универсальный
225,коврик придверный добро пожаловать
226,уголок оконный медь антик полимерный покрытие тонар
227,искусственный цветок ампельнвя петуния пластиковый красный
228,муляж булка
229,тележка багажный тбр синий грузоподъемность сумка каркас россия
230,бархатцы веселый полянка
231,коврик кухонный
232,декоративный коробка
233,примула комнатный цвет фуксия
234,банка рондо валенсия китай
235,гиностемма укоренять черенок
236,виола рассада однолетний цветок кассета
237,сушилка белье настенный ника серебро
238,ковер придверный серый
239,вешалка мягкий деликатный вещь шоколад
240,чайник заварочный металлический фильтр
241,скатерть лувр полиэфир овальный салатовый лувр
242,сумкатележка хозяйственный фиолетовый
243,полотенце прессованный сердце хлопок
244,рассада пряный трава кофе арабика горшок
245,искусственный цветок гербера пластиковый светлолиловый
246,многофункциональный инструмент функция
247,косметь попсокс белый
248,рассада томат помидор суперэкзотика индетерминантный среднеспелый черный
249,петуния красный
250,радермахер
251,тарелка обеденный стоунмания оранж
252,дыня алтайский скороспелый
253,скатерть азалия полиэфир хлопок прямоугольный персиковый азалия
254,комнатный растение горшок аспарагус мейер
255,герань домашний пеларгония зональный цвести белый махровый
256,драцена фрагранс компакт
257,рассада зелень кухня кориандр кассета
258,чайный ложка сталь
259,бак белье стальной
260,гладильный доска ника эльза классик элк
261,сушилка белье виолета настеннопотолочный
262,монард горшок
263,ерш радиаторный ручка
264,салатник арти пурпл
265,сумкатележка хозяйственный сиреневый
266,противень прямоугольный алюминиевый эксперт
267,коврик влаговпитывать ребристый стандарт синий
268,герань домашний пеларгония зональный цвести коралловый полумахровый
269,сумкатележка хозяйственный коричневый
270,комнатный растение горшок плектрантус подвесной горшок
271,полка барселона белый
272,штора ванный комната белый
273,вешалка самоклеющий крючок
274,стремянка бытовой алюминиевый ступенька
275,искусственный композиция цветок пластиковый мини елочка зеленый голубой
276,замиокулькас
277,гладильный доска перф металл эльза премиум элп ника
278,плечики пластмассовый размер
279,душица обыкновенный
280,коврик придверный дизайн резина кокос готический узор
281,хлебница пластмасовой больший
282,крассула
283,тележка багажный тбр коричневый грузоподъемность сумка каркас россия
284,цинерания рассада однолетний цветок кассета
285,рассада зелень кухня петрушка корневой сахарный кассета
286,рассада зелень кухня розмарин оффициналис тусканный блю
287,молодило микс
288,томат помидор юсуповский узбекский индетерминантный позднеспелый красный
289,пеларгония зональный розовый малиновый полумахровый
290,декабрист горшок красный
291,полка пекин белыйчерный
292,патиссон нло белый раннеспелый
293,девичий виноград пятилисточковый крым
294,сковорода алюминиевый керамический покрытие бьянка вок
295,нивянник ромашка крупноцветковый белый
296,тарелка обеденный грин форест
297,коврик ванный комната хлопок светлобежевый
298,набор бокал шампанское леди даймонд франция
299,томат помидор мохнатый кейт детерминантный среднеспелый синий
300,штанга ванная гобразный угловой хром
301,томат помидор арбузный индетерминантный среднеспелый красный
302,крокус голубой горшок луковица
303,щеткасметка рядный деревянный плоский ручка поиск риф
304,перчатка специальный защита рука
305,сумкатележка колесный голубой
306,набор стакан ежевика дсг
307,томат помидор большой оранжевый полосатый индетерминантный среднеспелый оранжевый
308,томат помидор голубика индетерминантный среднеспелый синий
309,муляж персик мини полиуретан
310,герань домашний пеларгония зональный цвести малиновый махровый
311,тарелка десертный воларэ блэк
312,вилка столовая сталь
313,кофр хранение подкроватный
314,косметь лимонад
315,рассада пряный трава эвкалипт сильвердроп горшок
316,чехол гладильный доска тефлоновый
317,вилка столовая предмет кокос свк
318,штора ванный комната полиэстер аквамарин
319,примула комнатный цвет ассортимент
320,сушилка белье мини навесный
321,гортензия метельчатый грейта старый горшок
322,комплект ванный туалет лавр бежевый
323,сидение гладильный доска
324,рассада зелень кухня зверобой продырявливать оптимист
325,рассада кассета огурец атос
326,томат помидор исуповский индетерминантный среднеспелый красный
327,набор вешалка костюм цвет кремовый
328,муляж вишня магнит
329,фуксия малиновый белый чашелист
330,штора ванный комната текстиль белозеленый
331,холодный сварка труба батарея
332,ель канадский коника ртк горшок нидерланды
333,искусственный цветок букет примула пластиковый розовый
334,ванна оцинковывать гмагнитогорск
335,коврик придверный дизайн резина кокос
336,штора ванная белый
337,набор вешалка деревянный перекладина лиловый
338,штора ванный комната полиэстер море
339,контейнер мусор доминик серебристый
340,средство против засор система водопровод антизасор россия
341,петуния белый махровый
342,ведро овальный отжим швабра моп черенок высота
343,гладильный доска ника верона чехол одри дво
344,рассада огурец персей кассета
345,короб стеллажный крышка малый
346,сушилка белье настенный веревочный линия
347,урнапепельница нержавеющий сталь хоббик
348,стакан ванный комната керамика коричневый
349,тележка багажный грузоподъемность россия
350,петуния простой рассада однолетний цветок кассета
351,каланхое каландив малиновый
352,томат помидор черниченский черри индетерминантный позднеспелый черный
353,сушилка белье ванна ника
354,цикламен комнатный белый малиновый середина
355,коврик придверный резина кокос кот серый
356,защитный соль посудомоечный машина польша
357,измерительный алюминиевый угольник
358,рассада арбуз шуга бэби горшок
359,гладильный доска ника бэлльюниор
360,подвесной кашпо калибрахоа сиреневый махровый
361,штора ванный душа текстильный хсмлилия бежевыйбелый розовый цветок
362,роза одноголовый свита юник эквадор плантация штука упаковка
363,петуния желтый звезда
364,роза кордан красный
365,вешалка настенный ника вптб полка крючок белый
366,средство мытье посуда гранат россия
367,лестницастремянка примус оцинковывать металл ступень
368,шнур резиновый тележка белый
369,цикламен комнатный белый
370,двуспальный постельный белье арктик белый хлопок
371,подарочный набор март тюльпан розовый луковица подарочный упаковка открытка
372,барвинок синий
373,ерш унитазный пластмассовый ваир
374,тарелка десертный
375,мыльница пластмассовый ванна
376,контейнер продукт голубой
377,цитрофортунелла кумкват штамбовый
378,фуксия белый красный чашелист
379,термос стеклянный колба
380,тарелка обеденный океан эклипсы
381,антуриум андрианум пикассо голубой
382,рассада кабачок зебра кассета
383,однолетний растение алиссум кассета россия
384,столовый ложка боннтяжелый
385,сумкатележка хозяйственный оранжевый
386,наволочка арктик хлопок белый
387,роза палас белый
388,кодонант укоренять черенок
389,иссоп лекарственный
390,основание пробка электрический
391,ведро пластиковый универсальный цвет морской волна
392,тележка багажный тбр черный грузоподъемность сумка каркас россия
393,сушилка белье алюминий
394,тарелка десертный ирис
395,блюдце утро эклипсы франция
396,роза садовый парковый горшок чиппендейл
397,штора встроенный кольцо штанга ванна душа жаккард полиамидный покрытие бежевый
398,таз пластмассовый пищевой галс
399,томат помидор абруццо индетерминантный среднеспелый красный
400,муляж перец чили мини красный
401,совок щетка стальной длинный рукоятка
402,рассада зелень кухня лаванда прован
403,ковш пластмассовый
404,ложка обувной металлический красить крючок
405,подвесной кашпо пеларгония махровый розовый
406,подвесной кашпо калибрахоа красный махровый
407,гипсофил аврора израиль штука упаковка
408,петуния гибридный ампельный
409,скребок кондитерский лавандовый
410,таз пластмассовый круглый пластик
411,набор нож предмет
412,чехол гладильный доска хлопок
413,базилик застольный
414,клубника хоня крым
415,портулак рассада однолетний цветок кассета
416,сушилка белье настенный складной алюминиевый белый
417,бульонница мистигря
418,этажерка цветочный пластиковый ливия кашпо мпластика
419,подарочный набор март гиацинт розовый луковица подарочный упаковка открытка
420,соковарка нержавеющий сталь
421,стремянка ступень стальной
422,цветок искусственный ромашка цветок пластик
423,салатник колорама рэд
424,гладильный доска дсп бэлльюниор ника
425,шило пластмассовый ручка утолщенный крючок
426,половник пластик
427,пеларгония зональный простой цвет фуксия
428,веник подметание сорго шов
429,щетка хозяйственный стекло пластика синтетический каучук голубой
430,жестяной банка гусь
431,муляж персик оранжевый полиуретан
432,искусственный цветок калла большой пластиковый белозеленый
433,набор фужер красный вино серия касабланка
434,львиный зев рассада однолетний цветок кассета
435,муляж гранат красный красный
436,мята колосистый
437,пеларгония зональный махровый микс
438,штора ванная спирелла фиолетовый текстиль
439,искусственный цветок букет примула пластиковый красный
440,шеффлер голд капелла
441,тимьян крымский
442,петуния желтый прожилка
443,азалия индик розовый
444,гладильный доска ника гранд
445,ерш туалет подставка фарфор белый
446,ложка обувной металлический красить
447,цветок искусственный василек цветок пластик
448,петуния махровый рассада однолетний цветок кассета
449,маттиола ночной фиалка
450,толкушка деревянный бук
451,рассада зелень кухня шалфей горшок
452,комнатный растение горшок плющ хедер салатовый листва подвесной горшок
453,полка рио белыйчерный
454,коврик влаговпитывать ребристый стандарт зеленый
455,рассада капуста белокачать средний реванш кассета
456,чайный ложка предмет вена счв
457,подвесной кашпо калибрахоа смесь махровый окраска
458,корзина мягкий пластиковый мпластика
459,карниз ванный комната виолета раздвижной кольцо серый
460,петуния синий
461,тарелка десертный котон флауэр
462,защитный экран подставка дуршлаг цвет зеленый силикон
463,искусственный цветок букет примула пластиковый желтый
464,эвкалипт гунни
465,таз пластмассовый пищевой косметь ангора
466,крючок проволочный латунь
467,стакан низкий лабиринт напиток
468,штора ванный комната бежевый текстильный
469,терка нержавеющий сталь грань красный ручка
470,пеларгония душистый
471,столовый ложка цветной горох
472,капсикум сальса оранжевый
473,гладильный доска ника бест
474,сумкатележка колесный фуксия
475,кольцо штора виолета пластик
476,муляж томат оранжевый полиуретан
477,набор посуда нержавеющий сталь предмет россия
478,петуния красный сердце желтый фон
479,томат помидор кибица детерминантный среднеспелый красный
480,ложка кухонный
481,пододеяльник карменва хлопок
482,овсянница сизый серый
483,подвесной кашпо дихондр серебристый
484,тарелка обеденный лимон фица франция
485,чехол костюм
486,цветок искусственный гвоздик пластиковый одиночный ассортимент
487,чехол гладильный доска хлопок войлок доска
488,дендробиум санки полар файр ствол
489,патиссон нло оранжевый раннеспелый
490,огурец закусочный пчелоопыляемый кассета штука раннеспелый
491,коврик ванная прямоугольный голубой
492,подставка яйцо
493,средство быстрый удаление жировой загрязнение антижир россия
494,чайный набор лили флауэр
495,вешалка гардеробная радуга зми черный внп
496,комплект махровый полотенце промой хлопок
497,рассада дыня эфиопка горшок
498,набор фужер вино аллюр франция
499,виола рогатый сиреневый
500,рассада огурец родничок кассета
501,рукав гладильный доска
502,подголовник
503,томат помидор баскью блю детерминантный среднеспелый синий
504,щетка хозяйственный одежда пластиковый ручка белокрасный
505,разделочный доска
506,гимнокалициум микс
507,хлорофитум укоренять черенок
508,рассада огурец даша кассета
509,настурция драгоценность вишневорозовый
510,салатник карин гранит франция
511,пеларгония зональный краснорозовый простой
512,таз пластмассовый пищевой минеральный вода
513,утюг черный оранжевый керамический подошва самоочистка паровой удар
514,чехол гладильный доска полиэстер хлопок
515,декабрист горшок малиновый
516,набор вешалка мягкий тканевый перекладина валиант
517,коврик коричневый
518,сушилка белье потолочный лиана
519,завертка форточный белаяантик полимерный покрытие тонар
520,томат помидор шахерезад детерминантный среднеспелый красный
521,искусственный лист клен зеленый
522,герань домашний пеларгония зональный цвести розовокрасный полумахровый
523,чехол гладильный доска клубок пряжа серыйрозовый хлопок
524,пеларгония зональный ярко розовый полумахровый
525,простыня резинка односпальный арктик хлопок белый
526,розмарин
527,бегония клубневой оранжевый горшок
528,коврик придверный полиэстер перерабатывать резина серый
529,урнапепельница становиться хоббик
530,складной детский пуф пожарный машинка красный
531,чехол гладильный доска хлопок ассортимент
532,астра альпийский микс
533,универсальный нож нержавеющий становиться русский мотив деревянный ручка
534,штора ванный комната пвх прозрачный
535,косметь кэнди страйп
536,коврик придверный каучуковый черный
537,рассада огурец портос кассета
538,кастрюля чугунный красный
539,примула комнатный акаулис красный
540,лестницастремянка оцинковывать ступенчатый
541,томат помидор казацкий детерминантный среднеспелый красный
542,рассада зелень кухня базилик тонус кассета
543,чехол металлизированый поролон доска
544,калибрахоа малиновый
545,минисковорода сердце антипригарный покрытие
546,муляж груша мини желтый
547,томат помидор розовый мохнатый кабан индетерминантный среднеспелый розовый
548,чайник электрический василиса нержавеющий сталь
549,сковорода алюминиевый антипригарный покрытие диаметр крышка хозлэнд
550,ерш бутылочный металлический ручка малый
551,корзина белье белый
552,искусственный цветок мимоза пластиковый желтый
553,однолетний растение виола кассета россия
554,подушка цвет ассортимент
555,роза садовый плетистый горшок шванензей
556,сковорода алюминиевый антипригарный покрытие
557,салатник арти грин
558,цветущий комнатный растение бегония элатиор цвет ассортимент
559,пуансеттия горшок розовый
560,настурция лунный свет
561,крючок одежный двойной усиленный алюминиевый дюраль
562,чайный набор отантик сильвер
563,сушилка белье потолочный
564,седум очиток видный красный
565,нож тонкий нарезка нержавеющий сталь пилообразный синий
566,календула суприма
567,гардения укоренять черенок
568,набор нож нержавеющий сталь предмет деревянный подставка коричневый
569,петля приварной гаражный шар
570,роза садовый спрей горшок лидия вайт
571,роза садовый парковый горшок август луиза
572,коврик ванный комната полиэстер темнозеленый
573,коврик противоскользящий кружевной прозрачный
574,тележка хозяйственный
575,рассада патиссон нло оранжевый кассета
576,гладильный доска ника корица
577,кружка нордик прозрачный франция
578,косметь клюквенный клик
579,пеларгония зональный махровый лососевый
580,рассада зелень кухня лаванда кассета
581,муляж гранат красный
582,цветок искусственный роза открытимый бутон цвет ассортимент
583,покрытие гладильный доска арт
584,штора ванный комната бежевый
585,вешалка костюм прямой красный дерево
586,петуния ампельный розовый горшок
587,однолетний растение лобелия кассета россия
588,герань домашний пеларгония зональный цвести розовый махровый
589,томат помидор полосатый смайлик детерминантный раннеспелый красный
590,лавр
591,камнеломка арендс флорал карпет розовый
592,термос
593,скатерть династия полиэфир прямоугольный сливочный династия
594,корзина белье темнокоричневый
595,петуния виннобелый звезда
596,вешалка деревянный верхний одежда
597,кухонный ножницы нержавеющий становиться орехокол
598,пеларгония зональный ярко красный махровый
599,тележка хозяйственный колесный большой кралье тип
600,вешалка настенный ника внт крючок черный
601,коврик бежевый сушка посуда
602,набор столовый прибор предмет
603,шалфей овощной нектар кассета штука
604,ведро мусор любимец
605,полка ньюйорк правый белыйголубой
606,искусственный цветок букет калла пластиковый белозеленый
607,чистить крем трудновыводимый пятно индонезия
608,однолетний растение целозия метельчатый кассета россия
609,петуния рассада смесь цветок лист бургундить малиновый
610,рассада патиссон диск кассета
611,петуния рассада смесь цветок лист глория махровый розовый
612,чехол одежда стенка пвх ручка
613,набор прищепок большой пластиковый пиноккио
614,капуста кольраби венский белый кассета штука скороспелый
615,анемон белый
616,пеларгония зональный сиреневый полумахровый
617,щетка посуда оля мультипласт
618,муляж перец чили связка красный полиуретан
619,вешалка металлический четыре разъемный перекладина противоскользящий покрытие
620,таз пластмассовый стиральный доска
621,скатерть пвх овальный бежевый
622,полка берлин черный
623,цикламен
624,коврик ванный комната листопад зеленый
625,цикламен комнатный красный
626,вешалка мягкий деликатный вещь желтый
627,томат помидор оранжевый банан индетерминантный среднеспелый оранжевый
628,томат помидор кумато детерминантный среднеспелый черный
629,цикламен комнатный малиновый
630,пеларгония зональный розоцветный маргарита лососевый лист
631,гвоздик стандартный белый колумбия плантация штука упаковка
632,стремянка ступень черый
633,таз пластмассовый пищевой овальный ручка
634,смолевка звездный взрыв
635,подвесной кашпо калибрахой белый
636,сумкатележка хозяйственный желтый
637,чайный ложка цветной горох
638,контейнер мусор пластиковый ролл топ серый
639,рассада капуста белокачивать валентина кассета
640,рассада огурец магнат кассета
641,цветущий комнатный растение хризантема диаметр горшок
642,хризантема космо микс
643,муляж апельсин полиуретан
644,штора ванный комната коричневый
645,сальвия рассада однолетний цветок кассета
646,сушилка белье потолочный лиана люкс лднт
647,сетка стирка белье белый
648,чехол гладильный доска бязь доска
649,чайник заварочный элиз
650,швабра многофункциональный
651,однолетний растение львиный зев кассета россия
652,контейнер свч пцлм паровыпускной клапан лайм
653,термос стеклянный колба серозеленый
654,салфетка натура
655,коврик противоскользящий кружевной голубой
656,примула желтый оранжевый горшок
657,рассада томат помидор моравский чудо индетерминантный раннеспелый красный
658,искусственный цветок крокус пластиковый розовый
659,ковер придверный коричневый
660,пуансетия топпер день учитель подарочный упаковка
661,фуксия синий белый чашелист
662,ящик почтовый металлический ушко навесный замок домик
663,однолетний растение бегония вечноцветущий кассета россия
664,нож овощ мясо
665,роза садовый чайногибридный горшок супер грин
666,кружка марля эклипсы франция
667,мята
668,декоративный композиция искуственный цветок букет пион цветок цвет ассортимент
669,коврик придверный полиэстер перерабатывать резина серокоричневый
670,незабудка смесь
671,стакан пластмассовый конус пластхозторг
672,томат помидор абрикос индетерминантный среднеспелый красный
673,сумкатележка колесный складной серый
674,соковарка алюминиевый хозлэнд
675,вакуумный пакет хранение вещь
676,сушилка белье настенный
677,искусственный цветок роза закрытый малый пластиковый желтый
678,табак курительный юбилейный новый кассета штука среднеспелый
679,сумкатележка колесный синий
680,сушилка белье батарея ника двухъярусный
681,чайник эмалированный алый мак свисток
682,рассада зелень кухня мята икс пиперит цитрат шоколад
683,томат помидор моравский чудо индетерминантный раннеспелый красный
684,фуксия ампельный
685,розмарин горшок
686,рассада зелень кухня петрушка кучерявец кассета
687,тыква крупноплодный лечебный раннеспелый
688,стакан ванный комната керамика черный
689,покрывало жаккард стеганый наволочка
690,искусственный цветок ландыш пластиковый малый белый
691,цинния оранжевый король
692,петуния ампельный синий горшок
693,фиксаторшар хромой большой
694,тарелка суповой воларэ блэк
695,корзина белье эльфпласт виола бежевый
696,калла крупноцветковый желтый
697,корзина колесо темнокоричневый
698,пеларгония зональный ярко розовый махровый
699,гладильный доска ника тефлон
700,мединилла магнифика
701,ваза маскарад франция
702,лантан
703,цинния коралловый красавица
704,мимоза стыдливый
705,швабра пол отжим фиксатор микрофибра
706,муляж банан желтый полиуретан
707,сумка хозяйственный колесо
708,сушилка белье виолета белый
709,муляж долька арбуз
710,антуриум андрианум фиорино
711,эвкалипт сильвердроп горшок
712,рассада зелень кухня лаванда горшок
713,коврик интерьерный кухня пвх прямоугольный
714,кувшин пластмассовый крышка пластхозторг
715,каланхое каландив белый
716,тележка хозяйственный ролл крыло
717,калоцефалус брауни крашеный осенний микс
718,антуриум андрианум многоцветковый красный
719,коврик придверный влаговпитывать перерабатывать резина ковровый покрытие
720,гардения
721,бальзамин новогвинейский белый
722,цинерария серебряный пыль
723,дендробиум яблоневый россия штука упаковка
724,рассада капуста белокачать ранний малахит кассета
725,примула комнатный розовый
726,огурец алтай пчелоопыляемый кассета штука раннеспелый
727,петуния белый
728,гортензия микс
729,томат помидор ракета детерминантный среднеспелый красный
730,петуния сиреневый прожилка
731,сушилка
732,рассада зелень кухня мелисса лимонный зеленый
733,банка металлический крышка круглый
734,томат помидор фейерверк индетерминантный среднеспелый красный
735,рассада зелень кухня тимьян горшок
736,рассада кабачок аэронавт кассета
737,рассекатель пламень газовый плита ручка
738,коврик придверный листопад
739,кружка дисней микки колорс
740,роза садовый почвопокровный горшок ред вельвет
741,муляж черешня желтый желтый
742,нож кухонный универсальный пластмассовый ручка русский линия нхм метиз
743,алиссум лобулярий снежный одежда
744,томат помидор арбузик индетерминантный раннеспелый красный
745,жестяной банка горошек
746,муляж вишня вишневый полиуретан
747,томат помидор красный пушистый кабан детерминантный среднеспелый красный
748,вешалка напольный бук темный колесико степанов
749,калибрахоа сиреневый звезда
750,чехол одежда объемный овальный окно пвх ручка коричневый
751,пеларгония зональный белый махровый
752,скатерть прямоугольный ажурный бежевый тесненый рисунок
753,муляж персик полиуретан
754,вешалка деревянный расширять плечики перекладина белый
755,петуния рассада смесь цветок лист красный
756,капуста брюссельский сапфир кассета штука позднеспелый
757,рыбочистка металлический
758,таз пластмассовый пищевой
759,шеффлер лузеан
760,комплект постельный белье авеню пододеяльник простыня наволочка
761,фуксия кассета штука цвет ассортимент
762,декабрист горшок белый розовый кайма
763,стремянкатабурет алюминиевый ступень
764,бельевой прищепок классик
765,однолетний растение петуния махровый кассета россия
766,муляж морковь
767,сушилка белье напольный ника двухуровневый белый
768,нетканый салфетка рулон
769,чайный набор рейнбоу
770,лопатка прорезь
771,томат помидор дрова детерминантный среднеспелый красный
772,перчатка латекс защита рука аллергия
773,огурец аристократ пчелоопыляемый кассета штука раннеспелый
774,овощеварка алюминиевый хозлэнд
775,лавр нобилис
776,томат помидор графити индетерминантный раннеспелый красный
777,подголовник ванный комната пвх
778,муляж клубника полиуретан
779,фиалка
780,рассада огурец каролина кассета
781,ковер придверный лапша коричневый
782,роза садовый чайногибридный горшок черри бренди
783,сушилка белье виолета серый
784,рассада капуста белокачать московский поздний кассета
785,нож кухонный овощ деревянный ручка гурман нхм метиз
786,эхинокактус грузонь красный
787,нож стейк
788,сушилка белье лиана люкс потолочный
789,роза садовый парковый горшок голдни селебрейшен
790,флокс метельчатый незабудка диаметр горшок
791,настенный сушилка белье
792,нож мясорубка супер лепесток
793,крючок одежный тройной латунь
794,кофе арабика горшок
795,муляж перец красный полиуретан
796,роза садовый чайногибридный горшок лампион
797,искусственный цветок тюльпан пластиковый открытый яркокрасный
798,рассада клубника вим рина кассета ремонтантный
799,хлебница деревянный бук
800,чехол гладильный доска защелка
801,ящик хранение фимако люкс плетеный крышка бежевый
802,светильник настольный лампа светодиодный сенсорный диммер черный
803,рассада огурец нежинский ячейка
804,томат помидор индиго роуз детерминантный среднеспелый синий
805,бальзамин новогвинейский ярко красный
806,линейка длина
807,стремянка алюминиевый ступень ника
808,гладильный доска томрис
809,лестница стремянка зми конек медный антик
810,отделитель косточка вишня
811,ящик почтовый металлический врезной замок почта
812,бакоп ампельный махровый белый махровый
813,ткань универсальный микрофибры серый
814,лилейник высокорослый смесь окраска
815,роза патио оранжевый
816,рассада зелень кухня тимьян вариегэйтид
817,шпагат полипропиленовый ктекс цветной бобина размотка изнутри
818,петлястрел рыбинск
819,покрывало жаккард шенилл наволочка
820,кухонный полотенце махровый фреш
821,крючок проволочный белый
822,сахарница фарфоровый
823,таз пластмассовый пищевой круглый
824,лоток белый
825,томат балконный чудо
826,рассада зелень кухня мангольд кассета
827,термокружок вакуумный нержавеющий сталь коричневый
828,рассада остеоспермум крупноцветковый малиновый
829,тарелка суповой стоунмания оранж
830,фен дорожный бордовый черный режим мощность россия
831,капуста цветной дачница кассета штука среднеспелый
832,циперус зумул
833,пресс чеснок
834,просеиватель мука
835,антуриум андрианум блэк
836,сумкатележка стальной каркас серый
837,штора ванная розовый
838,рассада томат помидор аделин горшок
839,морковь детский сладость
840,петуния фиолетовобелый
841,примула комнатный малиновый
842,муляж вишня полиуретан
843,лопатка
844,рассада томат помидор джессика индетерминантный раннеспелый красный
845,рассада кабачок якорь кассета
846,автоматический щетка мытье окно ручка
847,набор фужер шампанский френч брассери франция
848,штора ванный комната пвх серый
849,сантолина
850,настольный гладильный доска фанера ника
851,наматрицникчехол стебель бамбук сбн односпальный бамбуковый молочный
852,насадка швабра многофункциональный микрофибры
853,штора ванный комната зеленый текстильный
854,набор ковер ванный комната офелия ххсм серыйбежевый
855,шнур резиновый тележка
856,искусственный цветок гербера пластиковый розовый
857,перчатка резиновый универсальный
858,аквилегия обыкновенный барлоу микс
859,стяжка оконный болт цинк
860,томат помидор бандед амазон индетерминантный раннеспелый розовый
861,кувшин виктория крышка
862,щеткасметка рядный деревянный фигурный ручка ворс
863,цинния ацтек бургунди биколор
864,цикламен комнатный
865,спатифиллум свита лауретта
866,салатник арти пинк
867,мускарь горшок луковица
868,эшшольция карминный король
869,кофр хранение средний
870,таз пластмассовый овальный
871,покрытие гладильный доска веревка жасмин
872,искусственный цветок роза открытый малый пластиковый красный
873,ложка чайный сталь
874,флокс метельчатый полина диаметр горшок
875,тарелка обеденный альто сапфир
876,рассада зелень кухня шпинат кассета
877,тележка хозяйственный складной пэмби
878,герань домашний пеларгония зональный цвести малиновый розовый простой
879,гладильный доскастремянка
880,сушилка белье стена
881,фуксия прямостоячий белый красный лепесток горшок
882,чехол одежда малый светлобежевый валиант
883,амариллис темнокрасный горшок луковица
884,лантан горшок
885,арбуз шуга бейби раннеспелый
886,роза садовый чайногибридный горшок блю парфюм
887,комнатный растение пуансеттия
888,кориандр стимул раннеспелый кассета штука
889,концентрат мытье посуда зеленый чай россиякорея
890,новогодний дерево ель канадский коника декоративный контейнер
891,стремянка бытовой ступень
892,перчатка латексный
893,петрушка листовой обыкновенный листовой кассета штука скороспелый
894,цветок искусственный роза алый бархатный раскрытый бутон
895,лук порей победитель кассета штука среднеспелый
896,ролик чистка одежда слой
897,ковш пластмассовый полимербыт
898,столовый нож сапфир тяжелый
899,корзина белье эльфпласт виола коричневый
900,чехол гладильный доска дизайн хлопок
901,рассада огурец фараон ячейка
902,ведро полимербыт гриб
903,ароматизированный средство дудаление известковый налет ржавчина гель лимон россия
904,сушилка белье напольный ника сба цвет аквамаринбелый
905,комнатный растение горшок алый вера
906,томат помидор ширли сердцевидный индетерминантный среднеспелый розовый
907,ковер придверный белый
908,искусственный цветок лилейник пластиковый светлолиловый
909,искусственный цветок роза маргарита пластик
910,пеларгония укоренять черенок
911,кофр малый жесткий леопард валиант
912,рукав гладильный доска дсп
913,фуксия ампельный темнофиолетовый вишневый лепесток подвесной кашпо
914,тележка багажный синий грузоподъемность сумка каркас россия
915,измельчитель овощ ручной деревянный нож
916,салатник поэма анис
917,рассада зелень кухня мята хилариса свита лемон
918,искусственный композиция цветок пластиковый ромашка мини розовый
919,рассада томат помидор розовый фламинго кассета
920,флокс метельчатый мари диаметр горшок
921,рассада зелень кухня розмарин барбекю
922,герань домашний пеларгония зональный цвести ярко розовый полумахровый
923,пеларгония плющелистный ампельный
924,томат помидор сладкий касаживать индетерминантный среднеспелый оранжевый
925,кружка прозрачный франция
926,вешалкастойка сакура авангард венг
927,муляж баклажан
928,миксер электрический погружной белый сиреневый скорость
929,бальзамин новогвинейский цвет фуксия
930,петуния рассада смесь цветок лист фиолетовый белый ободок
931,шнур хозяйственный цветной
932,швабра мытье окно телескоп ручка
933,скатерть джулия полиэстер хлопок
934,петуния рассада смесь цветок лист розовый махровый
935,весы электронный кухонный круглый стеклянный серебро кггр
936,томат помидор большой оранжевый индетерминантный среднеспелый оранжевый
937,томат помидор медовый индетерминантный позднеспелый розовый
938,банка стекло сыпучий продукт круглый пластмассовый крышка цветной вкладка
939,томат помидор большой желтый зебра индетерминантный среднеспелый желтый
940,томат помидор синий тигр индетерминантный среднеспелый синий
941,таз пластмассовый пищевой мерка минеральный вода
942,вешалка закруглять плечики перекладина крючок противоскользящий покрытие черный
943,термометр уличный оконный
944,рассада зелень кухня розмарин найф
945,коврик влаговпитывать индия зигзаг серый
946,однолетний растение газание кассета россия
947,многолетний растение душицаорегано розовый
948,корзина белье виолета угловой крышка ротанг белый
949,цветок искусственный гвоздик тканевый красный
950,рассада капуста белокачать грибовский кассета
951,скатерть жаклин полиэфир хлопок квадратный бежевый жаклин
952,термометр окно уличный липучка
953,гладильный доска фанера стелла премиум стп ника
954,кружка трубочка мяч
955,коврик интерьерный вино
956,калибрахоа оранжевокрасный махровый
957,термокружок яромир кремль ярмо
958,комплект мытье пол нержавеющий сталь пластика зеленый швабрамоп ведро механизм отжим
959,коврик придверный пористый полимерный материал коричневый
960,роза кустовой ред лейс кения плантация штука упаковка
961,кипятильник электрический квт
962,лаванда горшок
963,корзина гладить белье коричневый
964,пеларгония зональный коралловый полумахровый
965,томат помидор джалп детерминантный среднеспелый красный
966,пеларгония зональный розовый полумахровый
967,насадкаотжим пластиковый бирюзовый ведро
968,вешалкастойка сакура слуга колесо сосна
969,салфетка стол узор цвет белый
970,салфетка шоколад
971,лестницастремянка алюминевый ступенчатый
972,пеларгония зональный ринго вайт укоренять черенок
973,калибрахоа желтый махровый
974,рассада перец болгарский сладкий красный чудо горшок
975,вербена яркорозовый
976,подарочный набор март пеларгония красный подарочный упаковка открытка
977,герань домашний пеларгония зональный цвести сиреневокрасный простой
978,роза патио белый
979,горох амброзия
980,фаленопсис королевский голубой ствол
981,рассада зелень кухня базилик арарат кассета
982,пеперомия
983,комод эльфпласт виола секционный коричневый
984,рассада капуста белокачать средний подарок кассета
985,кружка радуга керамический коричневый
986,калибрахоа фиолетовый махровый
987,мыло ручной работа сувенир подарок март классика
988,пиретрум робинсон красный
989,флокс метельчатый вальс диаметр горшок
990,цветок искусственный нарцисс одиночный ассортимент
991,хризантема кустовой стрес нидерланды штука упаковка
992,томат помидор амурский тигр детерминантный раннеспелый красный
993,масленка коровка крышка франция
994,салатник рапсоди оранж
995,крючок одежный рожковый серый металлик полимерный покрытие тонар
996,плечики пластмассовый размер тула
997,халат вафельный виктория хлопок размер салатовый
998,цинния хааг олд мехико
999,чехол гладильный доска универсальный поролон антипригарный чпа ника
1000,рассада капуста белокачать подарок кассета
1001,подсолнечник низкорослый
1002,муляж виноград цвет ассортимент
1003,контейнер мусор оранжевый
1004,овощечистка плавать лезвие нержавеющий сталь пластика белый
1005,ножеточка универсальный рыбка
1006,термокружок красный
1007,вешалка брюки юбка металлический
1008,чехол одежда
1009,платикодон махровый синий
1010,скатерть круглый полиэстер хлопок белый эстель
1011,искусственный цветок пластиковый мак бутон
1012,аспарагус спренжери
1013,подвесной кашпо петуния микс смесь окраска
1014,пеларгония зональный малиновокрасный простой
1015,корзинка крышка кремовый
1016,подвесной кашпо пеларгония махровый темнокрасный
1017,гвоздик садовый рассада однолетний цветок горшок
1018,косметь попсокс розовый
1019,пеларгония зональный махровый белый
1020,цветок искусственный роза закрывать бутон цвет ассортимент
1021,томат помидор минусинский индетерминантный среднеспелый розовый
1022,банка стеклянный крышка круглый
1023,тарелка суповой мок браун
1024,сметка совок престиж
1025,салфетка серый
1026,пуансеттия горшок белый красный
1027,томат детерминантный грандесса кассета штука раннеспелый
1028,муляж лимон мини магнит
1029,фиттоний скелетон
1030,коробка хранение бамбук
1031,вербейник монетчатый желтый
1032,однолетний растение сальвия кассета россия
1033,штора ванная прозрачный пвх рисунок
1034,сумкатележка хозяйственный синий
1035,сушилка белье напольный ника серый
1036,вантуз черный длинный ручка
1037,корзина белье виолета крышка ротанг капучино
1038,коврик ванный комната полиакрил светлокоричневый
1039,тележка багажный тбр коричневый оранжевый грузоподъемность сумка каркас россия
1040,тележка хозяйственный колесный большой тип
1041,каллун гарден герлс трехцветный
1042,рассада томат помидор хурма горшок
1043,коврик ванный комната мягкий основа
1044,доска гладильный металлический сетка
1045,колокольчик персиколистный белый
1046,рассада зелень кухня розмарин кассета
1047,базилик зеленый тонус
1048,сумкатележка колесный фиолетовый
1049,муляж зеленый яблоко полиуретан
1050,муляж перец зеленый полиуретан
1051,азалия индик биколор
1052,простыня сатиновый полутороспальный дримс хлопок
1053,рассада зелень кухня пастернак кассета
1054,контейнер овощ полимербыт секционный лоток
1055,тележка багажный тбр грузоподъемность россия
1056,цикламен комнатный розовый белый
1057,цикламен розовый
1058,салфетница металлический хромированный покрытие
1059,скатерть муза полиэфир овальный сливочный цветок муза
1060,насадка мытье окно мультипласт
1061,петрушка листовой универсал кассета штука среднеспелый
1062,кастрюля эмалировать стэм цилиндрический рисунок
1063,муляж мандарин мини магнит
1064,карниз алюминиевый телескопический штора спирелла хром
1065,махровый полотенце амели хлопок
1066,коврик черный
1067,сумкатележка хозяйственный салатовый
1068,окномойка пластмассовый ручка щетка разборный
1069,рассада томат помидор колибри
1070,емкость свч прямоугольный
1071,подушка декоративный флисовый полиэстер синий клетка атланта
1072,календула пинк сюрпрайз
1073,набор пикник полимербыт персона контейнер предмет
1074,рассада зелень кухня лаванда блю райдер
1075,кастрюля алюминиевый мтм ручка
1076,глоксиния
1077,тарелка десертный мок браун
1078,дозатор мыло оранжевый
1079,томат помидор улыбка роза детерминантный раннеспелый синий
1080,стремянка класс плюс ступень
1081,гвоздик стандартный новий колумбия плантация штука упаковка
1082,подкладка чехол войлок
1083,веревка полипропиленовый фал
1084,клубника альба крым
1085,банка стеклянный
1086,рассада капуста цветной дачница кассета
1087,арбуз огонек раннеспелый
1088,пеларгония зональный розовый махровый
1089,герань домашний пеларгония зональный цвести краснорозовый простой
1090,бальзам мытье посуда россия
1091,салфетка махровый радуга разноцветный полоска хлопок
1092,бакоп ампельный мегакрупный синий
1093,швабра хозяйственный пол серый гладкий ручка
1094,роза садовый чайногибридный горшок дабла делайт
1095,салатник воларэ блэк
1096,форма выпечка розовый
1097,тарелка обеденный мунлайт
1098,петуния крупноцветковый сиреневый жилка кассета штука
1099,бельевой прищепок азур эко деревянный
1100,мантоваркапароварка нержавеющий сталь
1101,астра рассада однолетний цветок кассета
1102,набор нож нержавеющий сталь предмет блистер коричневый
1103,полк обувь ярус сосна
1104,флокс метельчатый земляничный суфле диаметр горшок
1105,декабрист горшок цвет фуксия
1106,пеларгония зональный мультиблум скарлет укоренять черенок
1107,таз пластмассовый пищевой овальный
1108,пеларгония зональный красный махровый
1109,вешалкаперекладина металлический двойной антискользящий покрытие
1110,чайник заварочный стеклянный металлический фильтр красный
1111,средство мытье пол лимон россия
1112,томат помидор синий солнечный свет индетерминантный среднеспелый синий
1113,рассада капуста белокачать слава кассета
1114,импатиенс нью гвинея микс
1115,штора текстильный ванна душа полиэстер бамбук зеленыйбелый
1116,пеларгония розебудный
1117,арбуз волгоградец
1118,щетка смахивание пыль разноцветный
1119,ключница картина замок
1120,орехоколка
1121,таз пластмассовый квадратный пластхозторг
1122,столовый ложка
1123,рассада томат помидор сладкий касаживать индетерминантный среднеспелый оранжевый
1124,фуксия синий красный чашелист
1125,вешалка деревянный расширять плечики перекладина серый
1126,табак душистый рассада однолетний цветок кассета
1127,крассула оват
1128,чайник электрический пластиковый василиса белый голубой
1129,алиссум скальный желтый
1130,многолетний растение тимьянчабрец розовый
1131,вешалкастойка дерево зми медный антик внп
1132,капуста брокколи фортуна кассета штука среднеспелый
1133,пеларгония зональный махровый белый взрослый растение
1134,емкость соус ложка
1135,муляж ананас светлокоричневый полиуретан
1136,дыня медовый спасать раннеспелый
1137,гладильный доска белльюниор дсп
1138,рассада тыква жемчужина горшок
1139,мылоскраб мочалка люфа мандала около
1140,рассада зелень кухня мята икс пиперит цитрат кологна
1141,афеляндра скуаррос дания
1142,петрушка листовой итальянский гигант кассета штука среднеспелый
1143,нож поварской циркониевый керамика красный акка
1144,томат помидор болгарск хала индетерминантный среднеспелый розовый
1145,рассада огурец форсаж кассета
1146,колокольчик карпатский голубой
1147,насадкамоп синтетический вкрапление латекс итальянский резьба
1148,рассада арбуз огонек горшок
1149,насадка валик вмм белый искусственный мех
1150,коврик противоскользящий пузырек прозрачный
1151,бегония клубневой красный горшок
1152,ручка мебельный кольцо овальный хром
1153,терка нержавеющий становиться грань
1154,томат помидор вернисаж черный индетерминантный раннеспелый черный
1155,пеларгония зональный красный полумахровый
1156,коврик придверный грязеулавливающий резиновый
1157,таз пластмассовый круглый
1158,салат рукол дикий оливетта
1159,суккулент микс
1160,чехол хлопок поролон доска
1161,сумкатележка колесный складной зеленый
1162,окномойка алюминиевый телескопический ручка съемный насадка
1163,аспарагус
1164,дыня симпатия
1165,рассада дыня казачка горшок
1166,соковыжималка цитрусовый
1167,тележка багажный тбр черный серый грузоподъемность сумка каркас россия
1168,цветок искусственный гортензия цвет ассортимент
1169,комплект махровый салфетка топ хлопок цвет ассортимент
1170,салатник аспенный
1171,шприц кондитерский насадка
1172,земляника садовый хоня
1173,энотера миссурийский золотой желтый
1174,роза садовый чайногибридный горшок амнезия
1175,рассада остеоспермум крупноцветковый белый
1176,терка сыр нержавеющий сталь пластика белый
1177,подставка цветок секционный стелла
1178,львиный зев волшебный ковер
1179,рассада остеоспермум крупноцветковый сиреневый
1180,дыня награда скороспелый
1181,искусственный цветок подснежник садовый пластиковый розовый
1182,подвесной кашпо бакоп ампельный мегакрупный смесь окраска
1183,роза садовый спрей горшок блэк джэк
1184,флокс метельчатый чурленис диаметр горшок
1185,скатерть донна роза пвх дождь овальный
1186,муляж лайм полиуретан
1187,чехол одежда стенка пвх ручка синий
1188,артемизия полынь горький
1189,чайник свисток
1190,сушилка белье прима синий
1191,томат помидор темный галактика детерминантный среднеспелый черный
1192,петуния розовый белый брызги
1193,антижир россия
1194,гладильный доска ника верона чехол ретро двр
1195,миска фазенда пцзлпр
1196,бальзамин новогвинейский лососевый
1197,салфетка аметист белый
1198,сумкатележка колесный черный
1199,спатифиллум
1200,рассада тыква лечебный горшок
1201,муляж перец чили связка зеленый полиуретан
1202,сумкатележка красный
1203,муляж перец болгарский желтый полиуретан
1204,клубника мара буа клерить сладкий крым
1205,стремянка ступень алюминий
1206,чехол платье неткать материал белый
1207,цикламен белый малиновый середина
1208,подкладка чехол поролон
1209,фиалка карнавал
1210,бальзамин новогвинейский белый розовый цвет фуксия белый вкрапление
1211,фарфоровый кружка бабочка
1212,рассада зелень кухня тимьян кассета
1213,подарочный набор март пеларгония белый подарочный упаковка открытка
1214,картофелемялка металлический круглый деревянный ручка
1215,герань домашний пеларгония зональный цвести розовый малиновый полумахровый
1216,рассада зелень кухня сальвия максим
1217,каланхое каландив желтый
1218,коврик ворсовый ванный комната микрофибра пвх прямоугольный серобелый
1219,тарелка обеденный пуэбло корать
1220,бегония вечноцветущий рассада однолетний цветок кассета
1221,доска разделочный стеклянный завтрак
1222,муляж чеснок связка полиуретан
1223,роза садовый чайногибридный горшок сатин
1224,цикламен цвет фуксия
1225,сумкатележка колесный красный
1226,пеларгония зональный розоцветный ред розебад
1227,стеклянный крышка сковорода
1228,гайлардий крупноцветковый желтокрасный
1229,чехол хлопок доска
1230,электроштопор белый батарейка хаа
1231,любисток удалец кассета штука
1232,пробка ванна резиновый
1233,рассада зелень кухня сельдерей корневой силач кассета
1234,однолетний растение табак душистый кассета россия
1235,комнатный растение горшок традесканция красный белый подвесной горшок
1236,томат помидор пурпурный страсть индетерминантный среднеспелый черный
1237,фикус каучуконосный эластик абиджан
1238,коврик противоскользящий душевая кабина бежевый
1239,вербена рассада однолетний цветок кассета
1240,пеларгония зональный розовокрасный простой
1241,мокружок голубой
1242,флокс метельчатый дракон диаметр горшок
1243,стремянка алюминиевый ступенчатый
1244,полка торонто белый
1245,зубной паста
1246,паста зубной профилактика заболевание десна японский кипарис белый береза япония
1247,карниз ванный комната алюминий хром
1248,бакоп ампельный мегакрупный розовый
1249,антинакипин утюг ампула россия
1250,штора ванный комната белый текстильный
1251,мантоварка алюминиевый сетка белый калитва хозлэнд
1252,вербена микс смесь окраска
1253,сковорода эксперт дема блин алюминиевый антипригарный покрытие
1254,кофр хранение медикамент отделение
1255,набор эмалированный салатник рязанский цветок
1256,антуриум андрианум розовый
1257,набор фужер вино маскарад франция
1258,термостакан кофе
1259,набор коробка швабра ведро педальный отжим
1260,тарелка обеденный котон флауэр
1261,контейнер мусор красный
1262,наматрацник бархатный бамбук ббн односпальный хлопок стеганый резинка угол белый
1263,кофе арабика
1264,рассада томат помидор барао золотой
1265,тарелка суповой океан эклипсы
1266,рассада капуста краснокачать победа кассета
1267,лаванда
1268,тарелка обеденный грин
1269,петуния светлосиреневый махровый
1270,рассада зелень кухня мелисса горшок
1271,скатерть рим полиэфир хлопок прямоугольный голубой рим
1272,томат помидор оранжевый фиолетовый пятно индетерминантный среднеспелый оранжевый
1273,пружина дверной оцинковывать крепление
1274,дыня младой
1275,герань домашний пеларгония зональный цвести ярко красный махровый
1276,рассада тыква улыбка горшок
1277,чайник эмалировать свисток керамический ручка французский шарм
1278,корзина белье пластмассовый угловой
1279,сотейник алюминиевый керамический покрытие керамика
1280,базилик овощной пурпурный звезда кассета штука среднеспелый
1281,термокружок синий
1282,штора ванный комната черный текстильный
1283,толкушка картофель нержавеющий сталь
1284,тряпка кафель паркет микрофибра макси витнетта
1285,искусственный цветок пластиковый нарцисс бутон королевский
1286,обувница квадро цвет венг
1287,таз пластмассовый пищевой ручка полимербыт
1288,бегония элатиор цвет ассортимент
1289,пеларгония зональный простой цвет фуксия взрослый растение
1290,швабра хозяйственный пол
1291,коврик ворсовый пвх придверный коричневый
1292,комод эльфпласт алфавит оранжевый
1293,джункус пенсил грасс
1294,муляж черешня штука цвет ассортимент
1295,гербера комнатный желтооранжевый
1296,рассада зелень кухня сальвия оффициналис триколор
1297,мусорный контейнер ванный комната полистирол белый
1298,искусственный цветок роза закрытый малый пластиковый розовый
1299,подвесной кашпо вербена микс смесь окраска
1300,фаленопсис желтый розовый полоска
1301,одеяло белый темостеганый чехол полиэстер
1302,томат помидор колоновидный детерминантный среднеспелый красный
1303,вешалка напольный подставка сумка темный колесико степанов
1304,муляж гранат мини
1305,вербена ампельный
1306,чайник электрический василиса нержавеющий сталь черный
1307,чайник электрический аксинья корпус жаропрочный стекло белый
1308,зубной паста эффект отбеливание кофейный никотиновый налет
1309,роза садовый чайногибридный горшок аква
1310,рассада зелень кухня мята пиперит строуберри
1311,роза садовый парковый горшок дипп ватер
1312,флокс метельчатый татьяна диаметр горшок
1313,однолетний растение вербена кассета россия
1314,вешалка брюки металлический резиновый покрытие цвет синий
1315,тележка багажный коричневый грузоподъемность сумка каркас россия
1316,чайник электрический василиса нержавеющий сталь красный
1317,подставка нож круглый пластика красный
1318,подставка обувь резиновый
1319,тарелка суповой мариса оранж
1320,томат помидор шалун индетерминантный раннеспелый розовый
1321,скатерть джулия хлопок полиэфир прямоугольный золотой голубой джулия
1322,эпипремнум ауреум
1323,флокс метельчатый морской петух новый диаметр горшок
1324,кисточка силиконовый выпечка мятный
1325,сидение унитаз росспласт ажур белый
1326,пуансеттия красный
1327,газание рассада однолетний цветок кассета
1328,рассада зелень кухня ориганум ауреум голд
1329,петуния ампельный красный горшок
1330,пеларгония зональный красный махровый
1331,перчатка латексный дом утолщать
1332,ополаскиватель посудомоечный машина польша
1333,решетка вентиляционный металлический золото
1334,стремянка ступень серый
1335,герань домашний пеларгония зональный цвести сиреневый простой
1336,швабра сальса треугольный мини
1337,отбеливатель пероксоль лилия россия
1338,утюг электрический керамический покрытие зеленый россия
1339,огурец багратион пчелоопыляемый кассета штука раннеспелый
1340,рассада капуста белокачать июньский кассета
1341,пеларгония зональный малиновый махровый
1342,вешалкаплечики эссенция цвет светлобирюзовый
1343,вешалка мягкий деликатный вещь голубой
1344,рассада капуста белокачать средний белорусский кассета
1345,сумкатележка хозяйственный серожелтый
1346,рассада зелень кухня мелисса лекарственный кадриль
1347,лобелия ампельный
1348,универсальный средство основа хлор ддля чистка сантехник другой поверхность россия
1349,щетка унитаз нержавеющий сталь
1350,роза садовый чайногибридный горшок роза биг перпл
1351,скатерть пвх овальный белобежевый
1352,искусственный цветок букет фиалка пластиковый лиловый
1353,сушилка белье напольный алюминий
1354,искусственный композиция цветок пластиковый лилия мини лиловый
1355,левка рассада однолетний цветок горшок
1356,томат помидор примарь колорзой детерминантный среднеспелый черный
1357,мерный стакан пластиков
1358,стремянка ступенчатый противоскользящий покрытие сталь
1359,сельдерей листовой нежный среднеспелый кассета штука
1360,гладильный доска ника бэлль
1361,набор кружка пиво гамбург россия
1362,набор стакан висок серия карат
1363,томат помидор шайметь криг детерминантный раннеспелый красный
1364,разделочный доска бамбук
1365,роза одноголовый тоффи эквадор плантация штука упаковка
1366,примула комнатный красный
1367,рассада огурец герман кассета
1368,декоративный композиция искуственный цветок букет подсолнух бутон
1369,сушилка белье напольный ника сбг белоголубой
1370,роза чайногибридный восточный экспресс сливочножелтый цвет малиновый край горшок
1371,эхеверие лить чин
1372,хамедорей
1373,коврик придверный узор
1374,сушилка белье ника
1375,роза садовый чайногибридный горшок колетт
1376,вербена крупноцветковый белый
1377,рассада дыня алтайский горшок
1378,гладильный доска перф металл ника ника
1379,мята перечный тач мандариновый мята укоренять черенок
1380,петуния краснорозовый прожилка
1381,муррайя
1382,подвесной кашпо калибрахоа красный
1383,муляж хлеб белый кусок
1384,тарелка обеденный аморить браун
1385,веник подметание сорго шов кольцо
1386,однолетний растение астра кассета россия
1387,подвесной кашпо лобелия регатт микс
1388,томат помидор южный вечер детерминантный среднеспелый черный
1389,скатерть прямоугольнай бежевый
1390,герань домашний пеларгония зональный цвести белый полумахровый
1391,рассада томат помидор монгольский карлик детерминантный раннеспелый красный
1392,сумкатележка хозяйственный
1393,подрукавник гладильный доска
1394,щетка мытье окно телескопический ручка поворотный шарнир синий
1395,тряпкодержатель металлический крепление
1396,щетка посуда мила
1397,вешалка верхний одежда
1398,салатник романтик гарден
1399,вилка столовая тяжелый серия сапфир
1400,подвесной кашпо калибрахоа фиолетовый махровый
1401,плед флисовый атланта полиэстер
1402,рассада зелень кухня тимьян сильвер квин
1403,вилка столовая цветной горох
1404,антуриум тропик найт нидерланды штука упаковка
1405,салатник биантэ анис
1406,лобелия рассада однолетний цветок кассета
1407,сверло металл цилиндрический хвостик гост
1408,скатерть арлета полиэфир хлопок овальный светлобежевый арлета
1409,рассада капуста белокачать амтаман кассета
1410,зубной паста против образование зубной камень корея
1411,скатерть ажурный прямоуголный сепия
1412,салфетка камушек транспарент
1413,адиантум лиза
1414,хоста микс
1415,паста полировка гои
1416,папоротник страусник зеленый
1417,лаватер монт блан
1418,калибрахоа сиреневый махровый
1419,корзина белье фиолетовый
1420,тарелка обеденный стелла шоколад
1421,щетка мытье посуда колибри больший
1422,рассада капуста белокачать универс кассета
1423,рассада клубника зенг зенган кассета
1424,цветок искусственный мак пластик
1425,сумкатележка хозяйственный серый
1426,фиалка махровый голубой
1427,клен ложноплатановый леопольди горшок
1428,салат рукол сицилия
1429,огурец засолочный
1430,рассада огурец кристина ячейка
1431,калибрахоа красный
1432,герань домашний пеларгония зональный цвести лососевый полумахровый
1433,набор вешалка пластмассовый
1434,коврик придверный полиэстер изменчивость
1435,томат помидор канестрин индетерминантный среднеспелый красный
1436,вешалка гардеробная радуга зми белый серебро внп
1437,седум почвопокровный смесь окраска
1438,эхеверие перл фон нюрнберг
1439,лапчатка огненный пламень
1440,щеткасметка пластиковый ручка лаура
1441,хризантема красный тобаго
1442,тарелка десертный магда
1443,роза садовый чайногибридный горшок лимбо
1444,чайный набор сельма франция
1445,ведро ртслрозра сливочнорозовый
1446,рассада томат помидор зефир шоколад горшок
1447,бегония клубневой рассада однолетний цветок горшок
1448,этажерка обувь ника этпз ящик золотой
1449,томат помидор медовый капля индетерминантный среднеспелый желтый
1450,держатель туалетный бумага полимербыт
1451,томат помидор мэризол мэджик индетерминантный среднеспелый оранжевый
1452,эхинокактус грузонь
1453,однолетний растение петуния простой кассета россия
1454,однолетний растение тагетис мелкоцветковый кассета россия
1455,гладильный доска эко инж
1456,чехол гладильный доска универсальный ника
1457,банка крышка бугельный замок
1458,коврик противоскользящий овальный черепаха
1459,полка италия белыйсерый
1460,перчатка чистка овощ детский оранжевый
1461,сумка тележка малый комбинировать
1462,окномойка алюминиевый телескопический ручка щетка
1463,покрывало вельсофт вышивка
1464,муляж оранжевый яблоко мини полиуретан
1465,пахира акватик мультисть
1466,гладильный доска ника дсп эконом
1467,вешалка ника комфорт напольный серебро вкс
1468,штора ванный комната полиэстер фиолетовый
1469,рассада зелень кухня тимьянчабрец розовый
1470,чехол металлизированный полоса поролон доска
1471,полотенце кухонный милый хлопок цвет ассортимент
1472,ковер придверный черный
1473,пеларгония зональный малиновый красный полумахровый
1474,искусственный цветок тюльпан пластиковый закрытый лиловый
1475,коврик хлопковый цвет ассортимент
1476,фуксия ампельный нежнорозовый подвесной кашпо
1477,махровый полотенце севилья микрофибра
1478,бальзамин новогвинейский розовый
1479,набор фужер дампьер сильвер вино
1480,фиалка микс
1481,рассада дыня колхозница горшок
1482,муляж виноград желтый полиуретан
1483,рассада томат помидор шайметь криг детерминантный раннеспелый красный
1484,спатифиллум шопен
1485,ясколка войлочный белый
1486,дыня дина раннеспелый
1487,набор эмалированный салатник ветка рябина
1488,штора встроенный кольцо штанга ванна душа жаккард полиамидный покрытие аквамарин
1489,штора ванная спирелла белый текстиль гидрофобный пропитка
1490,скатерть сидней полиэфир овальный сиреневый сидней
1491,запасный насадка ерш пластик чернобелый
1492,сушилка мультя
1493,гвоздик турецкий роковой страсть
1494,искусственный цветок роза бархатный закрывать бутон цвет ассортимент
1495,рассада огурец изящный кассета
1496,бакоп ампельный махровый сиреневый махровый
1497,пеларгония плющелистный микс
1498,фиалка белый махровый
1499,тагетис крупноцветковый рассада однолетний цветок кассета
1500,искусственный цветок роза закрытый малый пластиковый белый
1501,пылесос красный мешок сбор пыль подарок мощность всасывание
1502,лапчатка травянистый желтый
1503,полк обувь коричневый
1504,календула бронзовый красавица
1505,скатерть донна роза пвх букет овальный
1506,роза садовый чайногибридный горшок блекнуть бакар
1507,рассада кабачок золотинка кассета
1508,крючок проволочный оцинковывать
1509,контейнер герметичный прямоугольный виолета дымчатый
1510,ерш унитазный деревянный ручка ваир
1511,щетка палубный рядный черенок угловой держатель
1512,насадка ведро пластиковый зеленый
1513,искусственный лиана плющ
1514,пылесос синий мешок сбор пыль подарок мощность всасывание
1515,рассада патиссон нло белый кассета
1516,скатерть виниловый тисненый ажурный кайма водонепроницаемый
1517,скатерть лион полиэстер
1518,коврик придверный полипропилен пес кот бежевый
1519,лавр горшок
1520,нолина цветной керамика
1521,табак бордовый кассета штука
1522,вероника колосковый микс
1523,скатерть донна роза пвх роза круглый
1524,сумкатележка стальной каркас синий
1525,муляж райский яблочко зеленый полиуретан
1526,вигна лилиана кассета штука среднеспелый
1527,эхеверие микс
1528,кружка бамбук франция
1529,вешалка настенный ника впс полка крючок серебро
1530,кореопсис толла
1531,герань домашний пеларгония зональный цвести темнорозовый полумахровый
1532,рассада огурец конни кассета
1533,коврик противоскользящий камешек ракушка овальный голубой
1534,петуния фиолетовый белый брызги
1535,увлажнять маска корея
1536,фиалка синий белый рифленый
1537,миксер василиса белый красныммалиновый скоростной режим
1538,рассада кабачок сосновский кассета
1539,рассада зелень кухня розмарин оффициналис мисс джесоп
1540,щетка универсальный телескопический ручка
1541,петуния изя вейв рассада однолетний цветок горшок
1542,флокс растопыривать голубой
1543,агератум рассада однолетний цветок кассета
1544,фиалка белый розовый кайма
1545,щетка труднодоступный место скребок
1546,вешалкасушилка
1547,крепеж пружина дверной оцинковывать
1548,крышка оцинковывать стерилизация банка банка
1549,декоративный композиция искуственный цветок букет роза цветок цвет ассортимент
1550,калибрахоа красный махровый
1551,хризолидокарпус лутесценс
1552,роза патио красный
1553,сушилка белье виолета настенный
1554,набор форма кекс нержавеющий сталь
1555,годеция рембранд
1556,цикламен белый
1557,хлебница
1558,рассада капуста белокачать сибирячка кассета
1559,флокс метельчатый катенькакатюша диаметр горшок
1560,томат помидор этуаль детерминантный среднеспелый розовый
1561,скиммия японский рубелла
1562,петуния черный
1563,однолетний растение циния кассета россия
1564,полотенце прессованный авто хлопок
1565,сетка глажение ява ртк
1566,тележка багажный ручной сумка каркас тбр синий красный клетка
1567,сумка тележка большой комбинированный
1568,новогодний дерево ель канадский коника ртк
1569,чехол одежда дорожный
1570,рассада огурец арамис кассета
1571,махровый халат женский размер алина
1572,карниз ванный комната виолета раздвижной кольцо белый
1573,калибрахоа ампельный
1574,флокс друммонд смесь
1575,сумкатележка хозяйственный бордовый
1576,афеляндра скуаррос дания микс кашпо автополив
1577,подголовник ванный комната пвх синий
1578,рассада зелень кухня мята бэррис энд крим
1579,полка лондон белый
1580,хризантема корейский смесь окраска
1581,таз пластмассовый пищевой круглый минеральный вода
1582,подрукавник складной ника
1583,герань домашний пеларгония зональный цвести малиновый красный полумахровый
1584,муляж манго оранжевый полиуретан
1585,роза одноголовый родос кения плантация штука упаковка
1586,муляж яблоко
1587,диффенбахий топпер день учитель подарочный упаковка
1588,тарелка десертный бамбук
1589,коврик резиновый ажурный
1590,таз пластмассовый ручка полимербыт
1591,пеларгония зональный белый полумахровый
1592,таз пластмассовый строительный прямоугольный
1593,пеларгония зональный сиреневый простой
1594,средство мытье пол испания
1595,цветок искусственный тюльпан ассортимент одиночный
1596,томат помидор гигант куба индетерминантный среднеспелый черный
1597,сушилка белье
1598,коврик придверный рельефный рисунок коричневый
1599,сковорода дема алюминиевый крышка металический ручка
1600,чехол гладильный доска металлизировать поролон доска
1601,бегония клубневой
1602,тележка хозяйственный багажный грузоподъемность
1603,набор махровый салфетка фита хлопок цвет ассортимент
1604,муляж лимон желтый полиуретан
1605,ерш унитаз подставка керамический
1606,лестницастремянка ступенчатый
1607,вешалка напольный фанк
1608,складной картонный коробка хранение уголок белый
1609,штора встроенный кольцо штанга ванна душа жаккард полиамидный покрытие белый
1610,муляж ананас
1611,корзина белье бамбук угловой
1612,фатсия японский
1613,контейнер мусор графитовый
1614,гладильный доска ника стелла классик стк
1615,штора встроенный кольцо штанга ванна душа жаккард полиамидный покрытие розовый
1616,шпингалет белый пружина
1617,тарелка десертный стоунмания оранж
1618,сменный блок ролик
1619,сушилка белье одноуровневый крыло
1620,сушилка белье прима синий напольный
1621,гладильный доска
1622,ведро мусор бежевый
1623,искусственный цветок роза закрытый малый пластиковый красный
1624,мусорный контейнер хром
1625,рассада зелень кухня лаванда эдельвейс
1626,мирт
1627,базилик овощной тонус кассета штука среднеспелый
1628,тележка багажный тбр цвет ассортимент грузоподъемность россия
1629,физостегия вергинский белый
1630,рассада капуста белокачать средний надежда кассета
1631,одеяло микрофибра микроволокно
1632,рассада зелень кухня мята эппл минт
1633,искусственный цветок ромашка пластик
1634,коврик придверный резина кокос соломка коричневый
1635,муляж яблоко зеленый полиуретан
1636,плед флисовый полиэстер бежевый айленд
1637,сумкатележка хозяйственный багажный красный грузоподъемность
1638,гладильный доска оранжевый
1639,рассада капуста цветной сноуболла кассета
1640,вешалка закругленный плечики перекладина противоскользящий покрытие черный
1641,полка мадрид белыйчерный штука штука
1642,рассада зелень кухня душицаорегано розовый
1643,петрушка корневой сахарный кассета штука скороспелый
1644,термос стеклянный колба темнозеленый
1645,разделочный доска классика
1646,сушилка белье напольный ника
1647,стремянка ступень алюминиевый
1648,хризантема белый кристалл
1649,калибрахоа розовосиреневый
1650,сервировочный салфетка пвх ванда
1651,пуансеттия белый
1652,искусственный цветок подснежник садовый пластиковый белый
1653,ерш унитазный подставка люкс мультипласт
1654,кастрюля круглый серый чугунный крышка
1655,эвкалипт сильвердроп
1656,покрывало стеганый
1657,нож чистка овощ нержавеющий сталь
1658,простыня двуспальный хлопок белосиреневый ванильа
1659,рассада зелень кухня мята спэйниш
1660,искусственный цветок гвоздик садовый пластиковый белый
1661,гладильный доска домина
1662,весы настольный электронный ксе белый
1663,мыло ручной работа свинюшка грязюшко
1664,кружка мерный
1665,ткань окно влажный сухой чистка
1666,петуния оранжевый
1667,скатерть донна роза пвх роза овальный
1668,капуста цветной мовир кассета штука скороспелый
1669,подвесной кашпо петуния белый
1670,рассада пряный трава лавр горшок
1671,чехол гладильный доска хлопок доска
1672,кружка чай сердечко дсг
1673,пуансеттия розовый
1674,штора текстильный ванна душа полиэстер разноцветный пузырек розовжелтбелый
1675,кружка лили флауэр
1676,рассада капуста кольраби гулливер кассета
1677,прищепок белье
1678,рассада арбуз сибирский огонь горшок
1679,мешок строительный мусор зеленый
1680,монард гибридный бергамо красный
1681,георгин черный красавица
1682,петуния малиновобелый
1683,искусственный цветок сирень пластиковый лиловый
1684,томат помидор земляника оранжевый индетерминантный среднеспелый оранжевый
1685,роза мини розовый
1686,штора встроенный кольцо штанга ванна душа жаккард полиамидный покрытие голубой
1687,искусственный цветок ландыш пластиковый большой белый
1688,чехол короткий одежда
1689,однолетний растение портулак кассета россия
1690,рудбекия тайгер голд золотой
1691,ручкаскоб белый трибатрон
1692,коврик противоскользящий пузырек бирюзовый
1693,цветок искусственный тюльпан пластик цвет ассортимент
1694,нож столовый
1695,стеллаж обувь светлый
1696,рыбочистка деревянный ручка нож
1697,рассада дыня дина горшок
1698,бакоп ампельный мегакрупный белый
1699,коврик придверный полипропилен спать кот бежевый
1700,мокружок зеленый
1701,рассада зелень кухня ориганум ауреум компактум
1702,корзина белье виолета крышка ротанг белый
1703,штора ванный комната пвх белый
1704,чайник электрический нержавеющий сталь
1705,роза садовый чайногибридный горшок керио
1706,петуния бургундить прожилка
1707,штора ванная зеленый
1708,подвесной кашпо гелихризум серебристый
1709,сверлофреза нитрид титан
1710,пеларгония плющелистный розовый подвесной кашпо
1711,рассада тыква витаминный горшок
1712,пеларгония зональный розовокрасный полумахровый
1713,фаленопсис люкс микс ствол
1714,штора ванный текстильнай белый
1715,роза кордан белый
1716,скатерть ажурный круглый белый
1717,гиацинт голубой горшок луковица
1718,рассада капуста цветной гудмен кассета
1719,арбуз холодок позднеспелый
1720,рассада огурец атос кассета
1721,бадан сердцелистный красный звезда красный
1722,урна уличный стальной сальвадор
1723,сумкатележка
1724,стяжка чехол гладильный доска
1725,коврик ванный комната акрил зеленый
1726,коврик придверный полипропиленовый пвх коричневый
1727,модульный стеклянный банка
1728,рассада зелень кухня сельдерей листовой бодрость кассета
1729,дозатор мыло белый
1730,рассада капуста кольраби виолетта кассета
1731,коврик влаговпитывать ребристый стандарт черный
1732,колокольчик карпатский белый
1733,швабра хозяйственный пол зеленый
1734,цветок искусственный крокус
1735,капуста цветной альфа кассета штука раннеспелый
1736,пьезозажигалка мультиискра батарейка тдв
1737,рассада зелень кухня шалфей кассета
1738,сушилка белье виолета хром
1739,гладильный доска ника валенсия
1740,томат помидор король красота индетерминантный среднеспелый оранжевый
1741,томат помидор полосатый шоколад индетерминантный среднеспелый черный
1742,чайник электрический василиса нержавеющий сталь черный красный
1743,базилик овощной арарат
1744,сушилка белье батарея ника
1745,рассада тыква мускад горшок
1746,салатник аморить браун
1747,томат помидор летний солнце индетерминантный раннеспелый желтый
1748,стремянка ступенчатый алюминиевый лоток инструмент
1749,крепеж пружина дверной
1750,совок металический серый
1751,примула комнатный акаулис белый
1752,набор вешалка универсальный
1753,муляж перец чили красный
1754,кофр хранение одеяло
1755,миска варение алюминиевый крышка дема
1756,томат помидор грейпфрут индетерминантный среднеспелый оранжевый
1757,флокс метельчатый москвичка диаметр горшок
1758,патиссон зонтик раннеспелый
1759,земляника барон солемахер
1760,скребок окно рукоятка
1761,сушилка уличный зеленый
1762,банка рондо элиз китай
1763,роза мини оранжевый
1764,косметь снежный клик
1765,комнатный растение горшок кофе арабика
1766,пуансеттия красный розовый
1767,таз пластмассовый пищевой квадратный тюльпан
1768,мелисса лекарственный
1769,ранункулус клуня ханой нидерланды штука упаковка
1770,хризантема сиреневый
1771,бакоп ампельный
1772,урна уличный гео хоббик сталь
1773,сушилка белье напольный
1774,роза садовый чайногибридный горшок блэк мэджик
1775,контейнер приготовление яйцо глазунья полимербыт
1776,сушилка белье настенный снск складываться
1777,дыня золотой шар раннеспелый
1778,ерш унитазный подставка стандарт мультипласт
1779,томат помидор танец смурфик индетерминантный раннеспелый черный
1780,стремянка стальной ступень
1781,рассада зелень кухня мята морокан
1782,рассада капуста цветной гарантия кассета
1783,чехол гладильный доска универсальный поролон ника
1784,корзина белье виолета крышка ротанг латт
1785,кисточка силиконовый выпечка персиковый
1786,колеус рассада однолетний цветок кассета
1787,петуния ампельный белый горшок
1788,ерш бутылка натуральный волокно металл кремовый
1789,бальзамин валера рассада однолетний цветок кассета
1790,рассада капуста кольраби мадонна кассета
1791,набор стакан монако низкий россия
1792,искусственный цветок анемон пластиковый желтый
1793,тарелка десертный хелло китти свита пинк
1794,мыло жидкий облепиха россия
1795,коврик ванный комната акрил киви
1796,валериана лекарственный кардиола кассета штука
1797,томат помидор поцелуй герань детерминантный раннеспелый красный
1798,измерительный угольник длина
1799,герань домашний пеларгония зональный цвести розовомалиновый простой
1800,пеларгония зональный сиреневокрасный простой
1801,рассада зелень кухня сальвия оффициналис иктерин
1802,буддлей вейер горшок
1803,шпагат полипропиленовый ктекс ками груп
1804,рассада зелень кухня тимьян дюна валя
1805,герань домашний пеларгония зональный цвести красный простой
1806,стремянка алюминиевый ступенчатый алюминиевый
1807,вешалкаплечики эссенция цвет темнорозовый
1808,сушилка белье потолочный лиана люкс
1809,коврик придверный полиэстер перерабатывать резина
1810,форма выпечка съемный дно фтрд
1811,азалия индик фиолетовый
1812,рассада зелень кухня розмарин горшок
1813,томат государь кассета штука среднеспелый детерминантный
1814,лоток холодец эмалировать пластмассовый крышка рисунок скп стэм
1815,щетка посуда искусственный волокно пластмасса белый
1816,муляж клубника магнит
1817,скатерть лувр полиэстер
1818,коврик придверный полукруглый резина кокос розетт коричневый
1819,тарелка суповой кутюр
1820,кабачок изумруд раннеспелый
1821,герань домашний пеларгония зональный цвести лососевый махровый
1822,герань домашний пеларгония зональный цвести красный полумахровый
1823,кухонный полотенце вафельный элий
1824,кореопсис золотой маяк желтый
1825,коврик ворсовый ванный комната нейлон латекс прямоугольный ванильный
1826,банка стеклянный крышка
1827,сушилка белье настенный белый
1828,стремянка металлический ступень ника
1829,рассада капуста кольраби венский белый кассета
1830,корзина пластиковый белье крышка белый виолета
1831,цинерария серебряный кассета штука
1832,сумкатележка хозяйственный серебро
1833,набор инструмент алюминиевый кейс колесико ручка кузьмич предмет ник
1834,дыня колхозница среднеспелый
1835,хлорофитум
1836,бакоп ампельный мегакрупный сиреневый
1837,искусственный цветок букет георгин пластиковый белорозовый
1838,рассада кабачок скворушка ячейка
1839,насадкамоп хлопковый удлиненный итальянский резьба
1840,ведро резинопластиковый строительный
1841,бальзамин новогвинейский
1842,вешалка напольный светлый степанов
1843,диффенбахий камилла
1844,роза садовый спрей горшок мими эден
1845,коврик придверный
1846,покрытие гладильный доска
1847,укроп обильнолистный
1848,пеларгония зональный лососевый полумахровый
1849,роза кордан красный мерседес
1850,фиалка химера
1851,рассада кабачок горный кассета
1852,гладильный доска березка
1853,рассада зелень кухня тимьян прострэйт
1854,сушилка белье ванна
1855,салатник биантэ оранж
1856,щетка хозяйственный резинка синтетический каучук пластик голубой
1857,штора ванный комната серый текстильный
1858,чабер
1859,муляж баклажан мини
1860,коврик туалет вырез бежевый
1861,сумкатележка синий
1862,рассада томат помидор иоген детерминантный среднеспелый красный
1863,примула комнатный фиолетовый
1864,гладильный доска дсп
1865,рассада тыква россиянка горшок
1866,котел алюминиевый крышка балезино хозлэнд
1867,сумкатележка хозяйственный фуксия
1868,корзина пластиковый белье крышка бежевый виолета
1869,штора ванный комната розовый текстильный
1870,рассада зелень кухня мята горшок
1871,стремянка ступенчатый алюминиевый крючок красный ручка
1872,штора ванная спирелла белый полиэтилен
1873,коврик ворсовый ванный комната микрофибра пвх прямоугольный серокоричневый
1874,тимьян горшок
1875,банка стеклянный металлический крышка краник
1876,набор вешалка мягкий тканевый перекладина клипса валиант
1877,вешалка слуга малый зми белый серебро внп
1878,рассада капуста белокачать экспресс кассета
1879,коврик придверный кокосовый
1880,тарелка десертный кутюр
1881,стремянка алюминиевый ступень
1882,фуксия прямостоячий белый розовый лепесток горшок
1883,коврик придверный влаговпитывать ребристый полимерный материал серый
1884,чайник эмалированный орхидея свисток
1885,муляж груша желтый полиуретан
1886,рассада томат помидор челнок кассета
1887,вешалка надверный нота зми медный антик внд
1888,подарочный набор март нарцисс луковица открытка мыло удобрение подарочный пакет
1889,форма выпечка кекс спираль розовый
1890,томат помидор голубой ручей индетерминантный среднеспелый синий
1891,штанга ванная гобразный угловой белый
1892,гладильный доска хоми топ синий
1893,калибрахоа желтокрасный
1894,рассада зелень кухня иссоп лекарственный аккорд
1895,пеларгония зональный розовомалиновый простой
1896,рассада зелень кухня душица горшок
1897,рассада кабачок белогор кассета
1898,этажерка обувь виолета ярус медный антик
1899,муляж мандарин оранжевый полиуретан
1900,совок зола металлический длинный металлический ручка черный
1901,рассада тыква амазонка горшок
1902,чайник электрический аксинья корпус жаропрочный стекло черный
1903,арбуз сибирский огонь раннеспелый
1904,кастрюля эмалированный хозлэнд
1905,сервировочный салфетка пвх капучино
1906,набор свереть дерево
1907,гладильный доска ника эльза премиум элп
1908,кружка чай ягода клубника
1909,капуста цветной марвести сеазонс кассета штука раннеспелый
1910,кориандр кассета
1911,роза садовый чайногибридный горшок блю мун
1912,цветок искусственный гербера
1913,эхинацея микс
1914,вербена красный
1915,сушилка белье настенный раздвижной лиана
1916,чехол одежда объемный овальный окно пвх ручка черный
1917,набор бокал пиво франция
1918,искусственный цветок гвоздик садовый пластиковый розовый
1919,сумкатележка тбр синий грузоподъемность сумка каркас россия
1920,готовый скатерть ажурный круглый белый
1921,капуста брокколи фортуна кассета штука
1922,сушилка белье стена белый
1923,томат помидор ильди детерминантный раннеспелый желтый
1924,калатея крокат
1925,ведро крышка полимербыт лаванда
1926,томат помидор золотой канарейка индетерминантный среднеспелый желтый
1927,коробка прямоугольный полимербыт прованс
1928,рассада зелень кухня тимьян цитриодорус
1929,корзина белье эльфпласт бежевый беж
1930,рассада капуста белокачать фаворит кассета
1931,рассада капуста белокачать поздний лидер кассета
1932,урна уличный стальной юпитер
1933,мокружок сталь
1934,рассада клубника зенг зенган горшок
1935,таз пластмассовый строительный круглый
1936,вербена сиреневобелый
1937,ткань гигиенический поверхность чистка впитывание антибактериальный покрытие
1938,мята перечный шоколадный укоренять черенок
1939,антуриум андрианум ванилла
1940,сумкатележка хозяйственный черный
1941,искусственный цветок подснежник пластиковый белый
1942,термостакан чай
1943,тимьян овощной медок
1944,рассада зелень кухня цимбопогон лемонграсс
1945,скатерть куэн полиэстер
1946,петуния свитуния малиновый темный сердцевина
1947,гладильный доска малиновый
1948,скалка силиконовый
1949,базилик овощной арарат кассета штука среднеспелый
1950,молодить горшок
1951,карниз ванный комната виолета раздвижной кольцо бежевый
1952,рассада томат помидор черный шоколад кассета
1953,пеларгония зональный розовый рябой полумахровый
1954,косметь очаровашка
1955,весы напольный механический дельта
1956,жидкий мыло хозяйственный россия
1957,набор прецизионный напильник двухкомпонентный ручка длина сталь
1958,зверобой продырявливать
1959,роза садовый чайногибридный горшок императрица
1960,столовый нож
1961,губка спираль металлический
1962,скатерть беатрис полиэфир хлопок прямоугольный светлокоричневый беатрис
1963,ковер придверный имитация трава цвет серый
1964,рассада зелень кухня мята вариегат
1965,плед флисовый зима полиэстер
1966,полка токио черный
1967,сито нержавеющий становиться пластиковый ручка
1968,кастрюля алюминиевый белый калитва
1969,рассада зелень кухня мята икс пиперит цитрат грэйпфрут
1970,кружка минни франция
1971,целозия гребенчатый рассада однолетний цветок кассета
1972,комнатный растение горшок сциндапсус зеленый подвесной горшок
1973,новогодний дерево ель канадский коника красный ведерко
1974,томат помидор роджеро индетерминантный среднеспелый красный
1975,корзина гладить белье пластиковый темносерый
1976,штангенциркуль пластмассовый точность
1977,салфетка стол бамбук
1978,чайник эмалированный свисток
1979,роза садовый чайногибридный горшок анастасия
1980,пряный трава микс
1981,примула рассада однолетний цветок кассета
1982,рассада зелень кухня мелисса кассета
1983,наматрасник хлопок стеганый белый
1984,таз алюминиевый дема
1985,венчик деревянный ручка хохломской роспись
1986,рассада арбуз продюсер горшок
1987,пробка ванна резиновый цепочка
1988,таз пластмассовый овальный белоруссия
1989,бензин зажигалка
1990,тарелка десертный дивали
1991,вилка столовая цветок
1992,котовник блю мун синий
1993,вешалка брюки
1994,роза садовый чайногибридный горшок дежавю
1995,цветок искусственный подсолнух
1996,петуния небесноголубой
1997,аквилегия махровый тауэр смесь окраска
1998,фатсия
1999,томат помидор детерминантный среднеспелый черный
2000,примула акаулис микс
2001,пеларгония зональный темнорозовый полумахровый
2002,томат помидор монгольский карлик детерминантный раннеспелый красный
2003,махровый полотенце дсжйот хлопок
2004,сменный насадка швабра микрофибры
2005,роза садовый спрей горшок румба
